,Churn,customerID,churn_prob,customer_worth
2555,0,2556,0.000425559135051,487.75
2534,0,2535,0.000622920972584,7317.1
445,1,446,0.999990520027,6396.45
1128,0,1129,0.000338052682517,529.8
2442,1,2443,0.999996547685,546.95
1679,0,1680,0.000625798747801,344.2
2791,0,2792,0.000792793834972,4317.35
2589,1,2590,0.999995506101,231.8
1941,0,1942,0.000484665382024,189.1
81,0,82,0.00137689355837,565.35
2458,0,2459,0.000827527454364,5163.3
95,1,96,0.999997347574,927.35
1034,0,1035,0.000685289659677,5924.4
176,1,177,0.999987174197,1145.7
1737,0,1738,0.000305053657403,313.45
661,0,662,0.000319759479976,428.7
2855,0,2856,0.000648650945249,867.3
1511,0,1512,0.000662027211771,1372.9
2176,0,2177,0.000465708327356,1284.2
494,0,495,0.000718455917309,20.4
302,0,303,0.000928606200384,356.65
2324,1,2325,0.999984606688,1258.3
665,0,666,0.000848009639635,238.1
1127,0,1128,0.00061242606288,1533.8
2860,0,2861,0.00121180358015,6841.05
1064,0,1065,0.000378650189174,795.15
502,0,503,0.000698019680074,4543.15
42,0,43,0.000599998873664,418.25
1590,0,1591,0.000406487684868,1263.85
701,0,702,0.000410816307919,2848.45
470,0,471,0.000957052511378,330.6
478,1,479,0.999995826593,453.4
438,0,439,0.000797560691698,3161.2
343,0,344,0.00112447380604,1328.15
2083,1,2084,0.999995425167,20.15
223,1,224,0.99999199299,179.35
1604,0,1605,0.000621879622559,6511.25
1039,1,1040,0.999999606184,3013.05
181,0,182,0.000471737957379,45.3
1151,0,1152,0.000435006715537,18.85
618,0,619,0.00102558655612,4884.85
2844,1,2845,0.996050336498,347.65
2286,0,2287,0.00058591353937,581.7
1206,0,1207,0.000343806238831,194.2
2080,0,2081,0.000606385544179,5981.65
362,0,363,0.000306474154833,2878.55
2655,1,2656,0.994678166955,365.65
1599,0,1600,0.000462862245073,5717.85
1877,0,1878,0.000455399531627,6362.35
776,0,777,0.00101525114463,92.5
1985,1,1986,0.993643703903,309.1
1700,0,1701,0.000476426355803,943.0
1225,1,1226,0.996894955559,810.2
2331,0,2332,0.000488702481602,733.55
1723,0,1724,0.000586940180679,100.35
1762,0,1763,0.000537980636622,3161.6
1425,0,1426,0.000372103868912,741.4
1614,0,1615,0.000644336239968,3521.7
917,0,918,0.000596669335163,4807.45
1515,0,1516,0.000295096231925,2877.05
2338,0,2339,0.000681248991354,1322.85
2760,0,2761,0.000322569216396,595.5
1316,0,1317,0.000483748123451,147.5
50,0,51,0.000800287181433,3838.75
769,0,770,0.000461448928911,1175.6
2571,0,2572,0.000585202070219,4303.65
2252,0,2253,0.000602756185777,1336.65
965,1,966,0.995888698037,832.35
1444,0,1445,0.000439747453015,4507.15
2479,0,2480,0.000559165357345,4261.2
1613,0,1614,0.000584917426183,675.6
1575,1,1576,0.997122353997,6710.5
1451,0,1452,0.000725663905556,1199.4
2433,0,2434,0.000549776641768,463.6
2383,0,2384,0.000715735562469,565.75
456,0,457,0.000615912301797,2768.35
324,0,325,0.000748770552262,4176.7
560,0,561,0.000532802247096,6033.3
2282,1,2283,0.999988119659,6822.15
1685,0,1686,0.000410442808551,1943.9
918,0,919,0.000365266727158,2193.0
134,1,135,0.999999721294,81.25
2076,0,2077,0.00025606531119,772.85
1001,1,1002,0.999999551844,1893.95
1501,0,1502,0.000563087758946,243.65
738,0,739,0.000778930728024,3344.1
1217,0,1218,0.000409834322989,1446.8
127,0,128,0.00096533793043,1723.95
2231,1,2232,0.999999928676,740.0
334,1,335,0.997363846165,155.8
29,1,30,0.999992910304,1093.1
441,0,442,0.00166883378187,5070.4
1867,1,1868,0.999997774292,247.25
1023,0,1024,0.000487513453194,3861.45
1542,0,1543,0.000394064175821,937.1
921,0,922,0.00057793175204,255.35
148,0,149,0.00043741226053,1929.95
541,0,542,0.000647228843081,601.6
2882,0,2883,0.000487757625471,716.1
2082,0,2083,0.000711447434089,467.15
833,0,834,0.000477182348514,3340.55
397,1,398,0.999999613498,2524.45
86,0,87,0.000500818714637,2215.45
1584,0,1585,0.00160673764325,3517.9
920,0,921,0.000515782873896,1505.9
2847,0,2848,0.000744795183216,2015.8
2554,0,2555,0.0004951576312,892.7
755,1,756,0.999998567971,1842.8
303,0,304,0.000718090249064,4109.0
1072,0,1073,0.000592725232175,1304.85
2206,1,2207,0.999996566328,5427.05
2950,0,2951,0.00051954445343,55.7
408,1,409,0.999992008151,19.9
1227,0,1228,0.000493435697843,2820.65
346,1,347,0.99999888522,168.2
939,0,940,0.000558274259768,320.45
871,0,872,0.000394347182782,5598.0
1846,0,1847,0.000416900485963,279.2
1383,1,1384,0.999998511002,49.95
1060,0,1061,0.000393413110738,505.9
2373,0,2374,0.000440029965719,3251.85
2808,0,2809,0.00136080825927,184.15
310,0,311,0.000835441689917,19.25
2619,1,2620,0.999991038554,3655.45
2631,1,2632,0.999991998324,665.45
993,0,994,0.00048319726016,225.55
1254,0,1255,0.000449299556237,4805.3
588,0,589,0.000797852662847,7422.1
1986,0,1987,0.000797887872229,6398.05
2743,0,2744,0.00059813457912,7321.05
2135,0,2136,0.000666183032302,5893.95
1118,0,1119,0.00051819949036,4997.5
1029,1,1030,0.989006949482,273.75
1318,0,1319,0.000429384245844,579.0
1138,0,1139,0.000623350329169,723.35
1411,0,1412,0.000722104949283,2948.6
169,0,170,0.000620718336211,321.4
1153,0,1154,0.000457887483925,3410.6
202,0,203,0.000959266109145,7405.5
2735,0,2736,0.000953994767812,3829.75
265,0,266,0.000732241064094,5526.75
1957,0,1958,0.000336509354296,2459.8
1208,1,1209,0.999999723683,80.25
2521,1,2522,0.999999171391,3132.75
393,0,394,0.000685448160335,367.55
1341,1,1342,0.999999225987,169.45
592,0,593,0.000371370779423,5435.0
449,0,450,0.000831460300715,7611.55
817,0,818,0.000409599556564,5656.75
226,0,227,0.000521849576863,2545.75
389,0,390,0.000350510429318,44.0
1380,0,1381,0.000493035541202,6145.2
387,0,388,0.000708846450352,2348.45
69,0,70,0.00140874698828,887.35
1874,0,1875,0.000469533359159,3574.5
1059,1,1060,0.999999322557,1943.2
2621,0,2622,0.000524602161441,5564.85
2228,0,2229,0.00129762305181,7349.35
2802,1,2803,0.999992563111,3351.55
615,0,616,0.000368945584222,631.4
184,1,185,0.99999898528,1111.65
1378,0,1379,0.000462042880369,3970.4
2066,0,2067,0.000663728496474,1514.85
1603,1,1604,0.99999886899,994.55
1562,0,1563,0.00112474379953,246.6
2840,0,2841,0.00111360322311,1936.85
564,0,565,0.00080048323496,445.95
1349,0,1350,0.000835132879645,2553.35
1914,0,1915,0.000529767676572,174.2
1149,1,1150,0.999996885902,1162.85
1497,0,1498,0.000598891625742,4018.55
634,0,635,0.000702414068963,2236.2
1517,0,1518,0.000467667007446,5514.95
2670,0,2671,0.000850840838531,5000.05
689,0,690,0.000582274711557,4149.45
878,0,879,0.000465626582591,4039.5
369,0,370,0.000557100276526,8126.65
2669,1,2670,0.999997147262,1789.25
2713,0,2714,0.000645934263167,20.45
963,0,964,0.00108513690408,4054.2
2686,1,2687,0.999996012346,1471.75
528,0,529,0.000546219109554,686.95
2140,1,2141,0.999999412009,2745.7
55,1,56,0.999992310338,1752.55
2714,0,2715,0.000917828245071,5064.85
2268,0,2269,0.000570017630458,827.3
2971,0,2972,0.000461180274456,5194.05
1632,1,1633,0.999999805211,5082.8
2041,0,2042,0.000617135267905,165.35
2295,1,2296,0.999999211045,25.15
2853,0,2854,0.000648472801369,4765.0
2805,0,2806,0.000648324394852,3483.45
1930,0,1931,0.000343134339123,76.95
2877,1,2878,0.999982662889,6010.05
1041,0,1042,0.000493432759652,360.35
2914,0,2915,0.000427549990876,2010.95
2780,1,2781,0.991847391116,1863.8
705,1,706,0.999997777673,2015.35
183,0,184,0.000392215266542,2453.3
1771,1,1772,0.999999321469,1201.15
989,0,990,0.000292411395529,678.8
882,1,883,0.99999937043,497.55
1074,0,1075,0.000595052724109,21.1
943,0,944,0.000695294835892,4919.7
2118,0,2119,0.000497232978102,1790.65
1017,0,1018,0.000614446432463,1601.2
2048,1,2049,0.999997437606,2030.3
215,0,216,0.00239547336523,3437.45
1295,0,1296,0.000641440247874,5460.2
2681,0,2682,0.00071574566766,1842.7
497,0,498,0.000801183579206,1397.65
431,0,432,0.000704579496568,4784.45
2636,0,2637,0.000573620060917,7987.6
869,0,870,0.000661511717943,121.25
146,0,147,0.000717416560958,61.35
2790,1,2791,0.996414775127,5551.15
1271,0,1272,0.000451834810889,2879.2
851,0,852,0.000706868295041,4461.85
2796,0,2797,0.000996891404882,4959.6
1895,0,1896,0.000655306914699,5882.75
644,0,645,0.000529308202044,394.85
2785,0,2786,0.000748964942156,2809.05
1430,0,1431,0.000319914614152,615.35
252,1,253,0.991070089451,40.2
2767,0,2768,0.000985729739722,3958.85
326,0,327,0.000715007958232,880.05
551,0,552,0.000610374039916,8220.4
2772,0,2773,0.000475081103316,4868.4
1372,0,1373,0.000664383360983,2192.9
2931,0,2932,0.00161246664512,3465.05
30,0,31,0.000826973160177,6766.95
986,0,987,0.000334913979865,540.95
862,1,863,0.999999326107,1463.5
1606,0,1607,0.000720315699426,7447.7
2755,0,2756,0.000641745857771,851.2
1144,1,1145,0.999999309271,35.55
244,0,245,0.00085934353634,731.3
189,0,190,0.00044604803267,2379.1
2220,0,2221,0.000626325551854,5753.25
237,0,238,0.000507381415636,1305.95
1157,0,1158,0.000454679312942,5936.55
1978,0,1979,0.000598276719749,3894.4
2089,0,2090,0.000455907316655,1932.75
1412,1,1413,0.999999782285,1308.4
211,0,212,0.000662774054867,25.25
2455,1,2456,0.999993406395,461.7
1350,0,1351,0.00058009062755,4322.85
678,0,679,0.00161342540978,313.6
512,1,513,0.999996523617,334.8
2978,0,2979,0.00078087771936,2107.15
2649,0,2650,0.000499021952263,1584.8
1680,0,1681,0.000516874195122,1431.65
2277,1,2278,0.999990859861,6941.2
891,1,892,0.999998302621,5017.9
1624,1,1625,0.999999525508,5508.35
2986,0,2987,0.000738587841248,3842.6
723,1,724,0.999999933428,141.5
2507,0,2508,0.000655350794682,1816.2
2496,0,2497,0.000461728296404,388.6
843,0,844,0.00132202150664,394.1
314,1,315,0.999999141475,415.55
680,1,681,0.999997217123,80.0
2707,1,2708,0.99999558635,293.65
163,0,164,0.000906028045316,3958.25
2469,0,2470,0.000468998598466,599.3
2403,0,2404,0.00048222186408,6046.1
2979,0,2980,0.000816005311368,3035.8
2325,0,2326,0.000496089841022,82.9
2533,0,2534,0.000585958956714,3281.65
2991,0,2992,0.000898061062625,3371.75
2529,1,2530,0.996793213818,2791.5
2194,1,2195,0.999999617901,79.5
1005,0,1006,0.00041246620903,5016.25
2435,0,2436,0.000653422029744,824.85
704,0,705,0.000504193997661,208.45
104,1,105,0.990445007829,7611.85
2372,0,2373,0.000475488149706,6287.3
2359,0,2360,0.00062355440442,2447.45
2446,1,2447,0.999998852955,1527.35
1279,0,1280,0.000366796107765,495.15
2929,0,2930,0.000852066736141,1564.05
2098,0,2099,0.00130966793189,174.75
2124,1,2125,0.999999266481,100.4
1553,0,1554,0.000697631100099,3107.3
1416,0,1417,0.000378849932829,3166.9
165,0,166,0.00152534017578,1363.45
2316,0,2317,0.000643677064126,73.05
1342,0,1343,0.000580334347207,141.6
1091,0,1092,0.000340410090593,2243.9
1729,0,1730,0.000457296524802,5692.65
2002,0,2003,0.00050914556877,2460.55
1591,0,1592,0.000339907296647,385.55
1889,0,1890,0.000898085891719,419.7
2693,0,2694,0.000838037378609,1414.8
2542,0,2543,0.000551451345003,2495.15
2597,0,2598,0.000648915670377,7854.15
2016,1,2017,0.999999614,830.85
1101,0,1102,0.000424192721383,417.65
256,0,257,0.000600811453354,7008.15
1705,0,1706,0.000668592513076,5044.8
1756,0,1757,0.000425942605023,3268.05
1120,0,1121,0.000264363063509,1493.55
37,0,38,0.000613403145953,3548.3
2922,1,2923,0.999987254638,2602.9
2440,0,2441,0.000423900389567,674.55
2068,0,2069,0.000992465536914,4669.2
607,0,608,0.000241629239711,2356.75
1170,0,1171,0.000538439070378,8093.15
1220,0,1221,0.000649610961497,1111.2
1320,0,1321,0.00050424376902,3131.55
1753,0,1754,0.000728582208153,6827.5
887,0,888,0.00103572291759,2857.6
2247,0,2248,0.000394690206215,830.25
1651,1,1652,0.999998214583,79.1
2676,0,2677,0.000511793616097,617.35
2725,0,2726,0.000487057265362,46.4
1621,1,1622,0.999999824899,3029.1
1552,0,1553,0.000562904480788,2471.6
1461,0,1462,0.000645564237421,2234.95
2748,1,2749,0.999993916526,174.3
893,1,894,0.999997365848,24.6
1717,0,1718,0.000495710097341,1421.9
1169,0,1170,0.00124053293826,3011.65
2509,0,2510,0.000840729335777,1841.2
84,0,85,0.000841285970253,973.35
246,0,247,0.000588495038119,2531.8
2635,0,2636,0.000746843973649,1559.3
379,0,380,0.000570324484077,1410.25
2147,0,2148,0.000397373960695,348.8
2514,1,2515,0.999997843539,2187.55
2660,0,2661,0.000389622835219,670.65
1961,0,1962,0.000430660566889,2421.6
977,0,978,0.000364209154877,888.65
1210,1,1211,0.999999898973,1149.65
2982,0,2983,0.000469154415276,1071.6
1777,0,1778,0.000280655818536,1505.15
1004,0,1005,0.00057371914039,417.7
298,0,299,0.000542376229898,3015.75
1760,0,1761,0.000351308993203,2614.1
1469,1,1470,0.999996092155,3475.55
133,1,134,0.999995453819,35.45
2480,1,2481,0.99999368808,5574.75
1564,1,1565,0.999998831001,898.35
1121,0,1122,0.000351233370823,4179.1
1395,1,1396,0.999999891678,3001.2
1124,0,1125,0.000389689711216,593.05
2130,1,2131,0.999997927478,4837.6
2976,0,2977,0.000770944618557,439.2
1436,1,1437,0.99999884985,193.6
1187,0,1188,0.0013278676602,7413.55
2674,0,2675,0.00120583898217,91.45
1845,0,1846,0.000903913007391,2492.25
1113,1,1114,0.999999782776,2839.65
2436,0,2437,0.000571049862301,2094.65
658,1,659,0.999982366917,35.9
2833,0,2834,0.000961766892213,4017.45
1345,0,1346,0.000337222354728,5985.0
345,0,346,0.000954832262222,72.1
2915,0,2916,0.00102462894895,4684.3
2128,0,2129,0.000479961372908,3023.55
2843,0,2844,0.000745462660975,1070.5
1788,0,1789,0.000568311108506,1134.25
1639,1,1640,0.999999856955,770.6
2901,0,2902,0.00113181121928,6843.15
627,0,628,0.000619544596006,6819.45
2401,0,2402,0.000775328540693,601.25
1561,1,1562,0.999999681767,74.95
1556,1,1557,0.999981626649,91.7
1633,0,1634,0.000218981992317,43.8
2308,0,2309,0.000732454055546,7288.4
1784,1,1785,0.9999984838,77.5
499,1,500,0.999993600009,1238.45
2973,1,2974,0.996252526591,6283.3
307,0,308,0.000710106323319,2054.4
1710,0,1711,0.000722506040559,417.75
2142,0,2143,0.0004593480324,1336.8
1917,0,1918,0.000526516812487,6352.4
1811,0,1812,0.000664314566308,1835.3
1155,0,1156,0.000374459479802,5264.25
2869,1,2870,0.999998684791,455.3
402,1,403,0.999984334487,7007.6
2771,0,2772,0.000997492469038,816.8
971,0,972,0.000670940473166,4733.1
562,0,563,0.00060504695956,516.15
1794,0,1795,0.000573778145785,6293.75
371,1,372,0.999997302275,181.5
2881,0,2882,0.000509019704869,1910.75
853,0,854,0.000584846675372,352.65
1918,0,1919,0.000368846422189,1348.5
82,1,83,0.999994426718,496.9
1423,1,1424,0.999999692969,1504.05
578,0,579,0.000654072110565,3365.4
1630,0,1631,0.000535494413779,4009.2
1420,0,1421,0.00058356046899,5985.75
2412,1,2413,0.971549779792,1445.3
795,0,796,0.000609439245135,143.65
1130,0,1131,0.000334821603946,515.75
489,1,490,0.999994466834,74.35
2908,1,2909,0.999996607819,1742.95
828,1,829,0.997096584014,5453.4
1749,0,1750,0.00062742006449,5832.0
2770,1,2771,0.999997432439,1515.1
732,0,733,0.000453313931827,1901.05
392,0,393,0.000525235287526,89.3
1514,0,1515,0.000454893081569,1215.1
2060,0,2061,0.000459027930985,6325.25
2257,0,2258,0.000330546612693,4847.05
2609,1,2610,0.999997565573,6281.45
2923,0,2924,0.00132829366565,4667.0
45,0,46,0.000704837932207,3906.7
1672,0,1673,0.000427479583207,5016.65
2891,1,2892,0.999998523375,79.7
2925,0,2926,0.00110585839686,5153.5
1629,0,1630,0.000404242444843,4741.45
2558,0,2559,0.000515872494956,678.2
2617,1,2618,0.999986907743,19.6
2624,0,2625,0.0011443939745,1077.05
1851,1,1852,0.999997995771,68.75
1746,0,1747,0.000914200507637,8013.55
1558,1,1559,0.99999971866,1555.65
1927,1,1928,0.999998545587,5118.95
1708,1,1709,0.999998970285,299.7
1738,0,1739,0.000516900933382,6130.95
1308,1,1309,0.999998974093,1281.0
1069,0,1070,0.000630776884327,1055.9
1645,1,1646,0.999998729359,3541.35
2664,0,2665,0.000556964964215,5791.85
2356,0,2357,0.000205326765689,2065.15
2793,0,2794,0.000821949568342,336.15
2731,0,2732,0.000986970769788,6780.1
295,0,296,0.000789739432661,20.25
197,0,198,0.000912759501596,6519.75
2402,0,2403,0.000795986404653,111.65
1319,1,1320,0.999991822516,19.45
1245,0,1246,0.000387190704189,2117.25
2294,1,2295,0.999998956919,1253.9
1513,1,1514,0.999990374749,25.8
263,0,264,0.00125159038091,1520.1
2836,0,2837,0.000659588438528,4920.55
2879,1,2880,0.99998397339,7101.5
1253,1,1254,0.999999916292,523.15
999,0,1000,0.000559535386888,132.4
764,0,765,0.000691720306459,1292.6
1713,0,1714,0.000580713919863,3169.55
1473,1,1474,0.999999878879,2407.3
2270,1,2271,0.999994891567,220.95
1716,0,1717,0.000229933452567,438.05
1033,0,1034,0.000520382464433,1416.75
1336,0,1337,0.00059045943566,1114.55
2883,0,2884,0.000847740584803,1686.15
2786,0,2787,0.000426387464233,1567.55
27,1,28,0.993914005444,30.2
1882,0,1883,0.000437113088404,1834.15
1637,0,1638,0.000461521984018,1983.15
1660,0,1661,0.000512957469888,1139.2
213,0,214,0.000409247598008,540.05
2912,0,2913,0.000827677269073,2970.8
2193,0,2194,0.000521345236768,1238.65
1948,1,1949,0.999999690548,159.45
1275,0,1276,0.000504297258939,3112.05
2038,1,2039,0.999999776789,2361.8
2096,1,2097,0.999999078169,19.3
581,1,582,0.999994784124,75.3
2138,0,2139,0.000503844846583,3871.85
1156,0,1157,0.000669950620312,1005.7
657,0,658,0.000347385064802,3597.5
1943,0,1944,0.000311801635827,49.8
1658,1,1659,0.999999182164,5341.8
1090,0,1091,0.000640125688254,5680.9
2398,0,2399,0.000856144558425,63.75
990,0,991,0.000505414476273,4513.65
566,0,567,0.000645265703037,1667.25
260,1,261,0.999993594049,132.2
2015,0,2016,0.000358112206105,1410.25
2726,0,2727,0.000641313166151,581.85
2873,1,2874,0.999996586275,2362.1
481,1,482,0.996420744826,2145.0
1805,0,1806,0.000369202256095,4720.0
1830,0,1831,0.000455100133777,696.8
2185,1,2186,0.999998729786,1338.15
2008,1,2009,0.996793419145,341.45
188,0,189,0.000445083685163,244.8
1443,0,1444,0.000724200934603,154.55
820,0,821,0.000656738451417,6751.35
972,0,973,0.000394914564527,4048.95
2009,0,2010,0.00049225520255,5731.85
1160,0,1161,0.000556692248675,2326.05
2751,0,2752,0.00102118314583,434.8
2311,0,2312,0.000828907844926,5068.05
2492,1,2493,0.995681560915,706.85
119,0,120,0.000905766981234,2151.6
2528,1,2529,0.99999736416,679.3
2315,0,2316,0.0004880989493,2661.1
2084,1,2085,0.99999715712,69.75
1369,0,1370,0.000487914454166,2033.85
870,0,871,0.000690413697197,7015.9
1678,0,1679,0.000475856221764,7035.6
781,0,782,0.000406201853915,220.45
1822,1,1823,0.999999124737,2697.4
897,0,898,0.000616364901922,5682.25
1009,0,1010,0.000395804768107,485.2
1386,0,1387,0.000345859708335,5632.55
1015,1,1016,0.99999942959,696.35
2962,1,2963,0.985577496703,95.05
2126,0,2127,0.000357213261582,44.45
1479,0,1480,0.00049536261878,2265.0
726,0,727,0.000577742017878,605.9
2756,1,2757,0.999990366571,20.95
2377,0,2378,0.000377497456685,2654.05
2505,0,2506,0.000497566689386,682.1
2816,0,2817,0.000871129433283,8165.1
1505,1,1506,0.999998134631,74.7
2040,0,2041,0.000535991698205,6404.0
1048,0,1049,0.000409951723666,572.2
1813,0,1814,0.000627431828128,75.5
1926,1,1927,0.999999547836,4872.45
1385,0,1386,0.000471812742593,4904.25
2449,0,2450,0.000694330779283,683.25
2150,0,2151,0.000373042987783,1737.45
2053,1,2054,0.999998834945,4065.0
250,0,251,0.00047093781256,4619.55
474,1,475,0.999997452422,74.7
2627,0,2628,0.000526246577244,826.1
1536,0,1537,0.000396954613676,5388.15
2407,1,2408,0.999999667457,141.45
2702,0,2703,0.000328749683545,44.0
859,0,860,0.000482601189813,4719.75
2709,0,2710,0.00142827033187,2215.4
48,0,49,0.00100477800027,4217.8
2694,0,2695,0.000625131461491,169.75
206,0,207,0.000871227125035,4179.2
292,0,293,0.000921687671335,1940.8
1722,0,1723,0.000720172264084,2928.5
829,0,830,0.000726900949397,1442.6
2187,0,2188,0.000604678098193,8564.75
1796,0,1797,0.000357382262071,1642.75
2689,0,2690,0.000653084495682,8277.05
116,0,117,0.00114035213856,1126.35
1244,1,1245,0.999997879795,289.3
1212,0,1213,0.000315758892518,521.35
2606,0,2607,0.000814443196698,3205.6
1841,0,1842,0.000338967291576,1261.7
1900,0,1901,0.000619843644696,76.65
1792,0,1793,0.000464306762928,3058.3
2101,1,2102,0.999998897126,3754.6
1010,0,1011,0.000522163604975,160.85
2788,0,2789,0.0007645400961,6028.95
992,0,993,0.000383315680865,555.4
60,0,61,0.000679473976602,4707.1
1801,0,1802,0.000374460129032,1490.4
2939,1,2940,0.992355195905,1029.75
2271,0,2272,0.000492549529557,3673.6
120,0,121,0.000523229245316,5515.45
901,1,902,0.999999022162,923.5
2131,0,2132,0.000446251625155,2032.3
2219,0,2220,0.000647971909798,1648.45
473,0,474,0.000861051627688,1315.35
2419,0,2420,0.000516599551872,651.55
2712,0,2713,0.000931107530136,216.45
1132,1,1133,0.997271843407,1133.65
1402,1,1403,0.999997762465,553.0
8,1,9,0.99999085947,3046.05
1255,1,1256,0.999985232239,59.05
356,0,357,0.000774365195666,889.0
1615,0,1616,0.000431635734811,923.1
1382,0,1383,0.000407605358614,1165.9
2113,0,2114,0.00045220514747,4368.85
1653,0,1654,0.000659992209813,1185.95
2963,0,2964,0.000495367808138,917.15
258,1,259,0.999999587311,80.55
2656,0,2657,0.000272216645761,2209.15
809,1,810,0.999999860314,69.55
2090,0,2091,0.000763012918905,1423.05
233,0,234,0.00086933995719,1566.9
745,0,746,0.000702055316937,7882.25
1974,1,1975,0.999999819743,825.7
1051,0,1052,0.000568991898339,552.7
1095,0,1096,0.000554784689164,80.55
2641,0,2642,0.000891742985056,287.85
2014,0,2015,0.000936144987574,750.1
415,0,416,0.000887029583241,1195.75
401,0,402,0.000417101186446,237.7
1495,0,1496,0.000808513817107,4993.4
2572,0,2573,0.000719675134779,1753.0
285,0,286,0.000346531657341,1783.6
2715,0,2716,0.000875277391494,996.45
2599,0,2600,0.000686284601348,5265.2
1798,0,1799,0.000463057989785,954.9
912,0,913,0.000934584922292,7848.5
2661,0,2662,0.0011455089574,3177.25
1673,1,1674,0.999999049205,4594.95
318,1,319,0.999996064504,2231.05
636,0,637,0.000679647502474,3109.9
78,0,79,0.000576748639131,2111.3
1724,0,1725,0.00102346077965,273.2
1463,1,1464,0.999999910819,281.0
1823,1,1824,0.999999870841,1424.5
2103,0,2104,0.000523084200025,834.7
90,0,91,0.00123553376924,2570.2
411,0,412,0.000572257475596,1066.15
2732,0,2733,0.00070473036211,94.5
247,1,248,0.999996901739,1074.3
4,1,5,0.999999196333,151.65
1956,0,1957,0.0010456214633,7261.25
482,0,483,0.000645910232031,1671.6
1608,0,1609,0.000358732298482,279.5
167,0,168,0.000639598840267,6254.45
476,0,477,0.00052441545534,2747.2
113,1,114,0.999996389887,2868.15
1626,0,1627,0.000712100171324,1191.2
1027,0,1028,0.000411182169602,4615.25
1147,0,1148,0.00038058522841,170.5
1270,0,1271,0.000350618978195,1574.5
2241,0,2242,0.000449083037475,1468.9
331,0,332,0.000603721907896,161.95
1588,0,1589,0.000466212091072,5347.95
2055,0,2056,0.000542201789048,4964.7
890,0,891,0.000803518428863,2823.0
1647,1,1648,0.999997431901,868.5
487,0,488,0.000723747307747,6201.95
1284,0,1285,0.000541271694415,1188.25
734,0,735,0.000782745570819,2423.4
1773,0,1774,0.000685254563737,1292.65
2046,0,2047,0.000723747518964,24.7
2064,0,2065,0.000449600923152,608.5
2267,0,2268,0.000470246624072,8124.2
486,0,487,0.000697399520642,1415.0
1565,0,1566,0.000510254466718,4509.5
2493,0,2494,0.000726630256409,512.25
2462,0,2463,0.00104281237018,70.45
40,0,41,0.000538199454277,475.7
628,0,629,0.00105929746239,7943.45
2196,0,2197,0.000627638805666,382.2
651,1,652,0.999998346547,74.6
1960,0,1961,0.000646116090186,2888.7
2104,1,2105,0.999999561476,627.4
2835,0,2836,0.00104739291899,4174.35
2864,0,2865,0.000857466745833,226.2
2499,0,2500,0.000538038127689,2894.55
838,0,839,0.000375389282798,2854.95
1050,1,1051,0.995289805361,526.95
2696,0,2697,0.000989421046654,2719.2
1312,0,1313,0.000597672268754,3629.2
659,0,660,0.000678496108599,697.65
172,0,173,0.000887001575371,1181.75
245,0,246,0.00117604071438,273.4
2687,0,2688,0.000498259622671,2626.15
599,0,600,0.000584784945086,1414.45
1076,0,1077,0.00039736429948,1497.9
1583,0,1584,0.000284947968138,273.25
2985,0,2986,0.000993396093884,3914.05
807,0,808,0.000719712313352,7616.0
1997,0,1998,0.000597816288914,6717.9
96,0,97,0.000716913492704,4748.7
2582,0,2583,0.00118878919581,1275.65
2724,0,2725,0.000679604666737,1244.8
1892,0,1893,0.00117965804051,207.35
1921,0,1922,0.00047392167429,5931.75
633,0,634,0.000521742842318,176.3
424,0,425,0.00271982114305,449.3
71,0,72,0.000667291229511,1090.65
442,0,443,0.000629538279039,6049.5
2826,0,2827,0.000248578164302,592.65
1827,0,1828,0.00101994442736,2333.85
348,0,349,0.000878573555739,996.85
677,1,678,0.999998279544,62.25
216,0,217,0.000708209118609,3139.8
1366,1,1367,0.999999659592,813.85
1885,0,1886,0.000434806411705,1706.45
1307,0,1308,0.000437576622138,2680.15
16,0,17,0.000926302322722,1022.95
1020,0,1021,0.000305731796857,2066.0
229,0,230,0.000494030092515,4107.25
686,0,687,0.000507640702694,1266.4
1129,0,1130,0.000446952799748,3865.6
2156,1,2157,0.999999592095,184.1
1790,1,1791,0.999999480006,947.3
880,1,881,0.999988815895,1043.3
2431,1,2432,0.997407280874,47.5
572,0,573,0.000404199724617,697.25
2380,0,2381,0.000859883579617,5969.95
1166,0,1167,0.000415642587695,283.95
1174,0,1175,0.000366783171907,773.2
1142,0,1143,0.000661400462784,775.3
1296,0,1297,0.00059476941177,1614.2
1502,0,1503,0.000255802976593,2633.95
1024,0,1025,0.000429239986628,2552.9
2880,0,2881,0.000731417403926,1043.4
2212,0,2213,0.000461339617137,225.85
2306,0,2307,0.00036236488022,199.85
2416,0,2417,0.000577369465726,2673.45
2754,0,2755,0.00126670313079,107.25
1800,0,1801,0.000324045098674,43.85
171,1,172,0.996115696717,242.8
2297,1,2298,0.999991882425,5893.15
875,0,876,0.000752644356216,113.95
259,0,260,0.00261730402463,1228.65
1666,0,1667,0.000572220428294,174.65
59,0,60,0.00138722893513,7853.7
1413,0,1414,0.000457533790872,6078.75
1250,0,1251,0.000574564586221,5744.35
306,1,307,0.999998187911,2303.35
2155,1,2156,0.999999851714,2624.25
1537,0,1538,0.000534082392089,5730.15
960,0,961,0.00328159684035,220.45
579,0,580,0.000638741671814,38.8
1545,0,1546,0.00061167310993,6536.5
1123,0,1124,0.000463390451045,1611.0
1016,0,1017,0.000841176078236,5585.4
1141,0,1142,0.000548360032658,98.35
1541,0,1542,0.000657103217177,1434.1
2166,0,2167,0.00048358764699,5483.9
2376,0,2377,0.000289610791302,729.95
1779,0,1780,0.000611006655858,168.5
2498,0,2499,0.000369397968255,1389.85
1507,0,1508,0.000390768694482,1008.7
1235,0,1236,0.000912821724793,6066.55
2510,1,2511,0.999996896328,74.25
2229,0,2230,0.00046505747053,294.2
2818,1,2819,0.999990022086,2649.15
380,0,381,0.000531275593044,3339.05
1662,1,1663,0.999999943369,324.6
13,1,14,0.997320870405,5036.3
448,0,449,0.00087337271721,759.55
2102,0,2103,0.000551520749179,1406.65
2069,1,2070,0.999997948301,95.6
2667,0,2668,0.000937783090696,8405.0
1094,0,1095,0.000376705381462,2839.95
2394,0,2395,0.000547288327048,5552.5
684,0,685,0.000564310635864,71.1
1207,0,1208,0.000510499421493,571.45
1510,0,1511,0.000436759965073,5727.15
1650,1,1651,0.999997487757,85.8
2933,0,2934,0.000997647425066,1664.3
1088,1,1089,0.999998997631,1622.45
1476,0,1477,0.000573092250919,36.8
534,1,535,0.99999884193,85.0
1568,0,1569,0.00100350355879,1183.05
1887,1,1888,0.999999813956,1194.3
1819,0,1820,0.00039913969415,3244.4
1058,1,1059,0.999990781523,185.55
1221,0,1222,0.000853942502161,190.1
1742,1,1743,0.999993920496,183.75
22,1,23,0.999990874039,20.15
128,0,129,0.000869227058395,19.75
378,0,379,0.000745159526666,5308.7
426,0,427,0.000656671021697,5376.4
556,0,557,0.000795941655596,19.9
2162,0,2163,0.000470766043474,2684.35
1421,1,1422,0.999998842499,732.5
